WORD_ID,VOCAB_WORD
0,i
1,http
2,the
3,list
4,thi
5,you
6,email
7,free
8,get
9,use
10,to
11,mail
12,one
13,receiv
14,inform
15,make
16,we
17,money
18,if
19,pleas
20,time
21,new
22,peopl
23,name
24,address
25,work
26,messag
27,report
28,order
29,busi
30,it
31,click
32,would
33,remov
34,send
35,your
36,a
37,us
38,like
39,go
40,want
41,compani
42,day
43,need
44,offer
45,year
46,state
47,program
48,user
49,no
50,also
51,for
52,de
53,includ
54,and
55,in
56,do
57,market
58,linux
59,site
60,may
61,chang
62,on
63,not
64,system
65,servic
66,of
67,know
68,file
69,look
70,internet
71,govern
72,help
73,start
74,way
75,follow
76,form
77,take
78,right
79,call
80,million
81,group
82,price
83,home
84,see
85,grant
86,number
87,softwar
88,person
89,life
90,un
91,today
92,all
93,first
94,here
95,mani
96,could
97,wish
98,made
99,maintain
100,product
101,sent
102,now
103,interest
104,subscript
105,irish
106,month
107,best
108,much
109,secur
110,link
111,invest
112,find
113,comput
114,wrote
115,even
116,rate
117,gener
118,contact
119,well
120,say
121,spam
122,come
123,ilug
124,tri
125,web
126,listmast
127,think
128,that
129,save
130,repli
131,week
132,profession
133,within
134,legal
135,special
136,everi
137,line
138,insur
139,provid
140,buy
141,guid
142,avail
143,ad
144,world
145,phone
146,code
147,current
148,from
149,b
150,give
151,thing
152,requir
153,complet
154,problem
155,access
156,pay
157,dollar
158,unsubscrib
159,countri
160,back
161,subject
162,onlin
163,case
164,guarante
165,is
166,my
167,island
168,cash
169,server
170,account
171,respons
172,sinc
173,but
174,futur
175,set
176,commun
177,support
178,good
179,financi
180,read
181,anyon
182,instruct
183,next
184,run
185,thank
186,advertis
187,trade
188,per
189,never
190,without
191,there
192,manag
193,keep
194,said
195,check
196,issu
197,sure
198,two
199,live
200,simpl
201,request
202,what
203,hour
204,total
205,plan
206,last
207,so
208,enenkio
209,how
210,thousand
211,le
212,fill
213,ye
214,place
215,base
216,differ
217,client
218,better
219,version
220,fund
221,success
222,contain
223,with
224,still
225,assist
226,custom
227,learn
228,as
229,card
230,must
231,unit
232,question
233,sell
234,opportun
235,incom
236,box
237,easi
238,visit
239,put
240,claim
241,part
242,age
243,will
244,polici
245,window
246,instal
247,copi
248,websit
249,allow
250,error
251,show
252,let
253,citi
254,ever
255,our
256,drive
257,public
258,realli
259,releas
260,mean
261,result
262,kingdom
263,direct
264,ca
265,plu
266,great
267,properti
268,old
269,fax
270,instead
271,littl
272,format
273,someth
274,purchas
275,believ
276,move
277,got
278,sourc
279,anoth
280,actual
281,page
282,limit
283,protect
284,real
285,notic
286,possibl
287,nation
288,credit
289,commiss
290,term
291,deal
292,transact
293,onli
294,write
295,reason
296,regist
297,howev
298,ship
299,valu
300,seem
301,network
302,law
303,appli
304,control
305,member
306,immedi
307,cost
308,profit
309,hi
310,risk
311,et
312,bank
313,present
314,fact
315,point
316,ani
317,atol
318,packag
319,long
320,hundr
321,simpli
322,regard
323,other
324,sale
325,domain
326,friend
327,american
328,develop
329,prefer
330,end
331,aug
332,process
333,intern
334,share
335,feder
336,step
337,lot
338,famili
339,found
340,search
341,ask
342,effect
343,around
344,note
345,act
346,transfer
347,improv
348,idea
349,licens
350,open
351,origin
352,letter
353,earn
354,content
355,creat
356,least
357,en
358,subscrib
359,privat
360,just
361,date
362,might
363,decid
364,membership
365,continu
366,hard
367,offic
368,lose
369,standard
370,small
371,when
372,power
373,less
374,low
375,feel
376,increas
377,mime
378,post
379,bill
380,full
381,tool
382,are
383,high
384,jul
385,data
386,understand
387,loan
388,they
389,applic
390,benefit
391,fix
392,cd
393,be
394,wait
395,agent
396,more
397,amount
398,trust
399,tell
400,document
401,sign
402,build
403,answer
404,contract
405,la
406,type
407,secret
408,marshal
409,later
410,though
411,publish
412,accept
413,z
414,sever
415,info
416,return
417,import
418,bulk
419,select
420,detail
421,sponsor
422,rememb
423,becom
424,easili
425,have
426,top
427,absolut
428,or
429,industri
430,job
431,via
432,method
433,propos
434,happen
435,care
436,past
437,true
438,alway
439,exist
440,by
441,turn
442,test
443,matter
444,charg
445,databas
446,stock
447,larg
448,yet
449,directori
450,recent
451,engin
452,social
453,anyth
454,father
455,bit
456,cours
457,dvd
458,specif
459,late
460,exampl
461,second
462,juli
463,technolog
464,alreadi
465,these
466,major
467,univers
468,discov
469,dear
470,news
471,design
472,valuabl
473,noth
474,partner
475,parti
476,can
477,updat
478,event
479,presid
480,join
481,pass
482,play
483,fee
484,minut
485,q
486,word
487,quot
488,away
489,mind
490,individu
491,c
492,url
493,associ
494,whi
495,natur
496,probabl
497,deposit
498,featur
499,execut
500,pc
501,foreign
502,mortgag
503,abl
504,stop
505,entir
506,caus
507,black
508,option
509,someon
510,project
511,due
512,activ
513,util
514,etc
515,car
516,upon
517,enough
518,addit
519,author
520,paid
521,promot
522,posit
523,either
524,whether
525,america
526,independ
527,big
528,statement
529,seen
530,final
531,distribut
532,experi
533,qualiti
534,delet
535,done
536,wonder
537,corpor
538,potenti
539,effort
540,retail
541,happi
542,king
543,oper
544,given
545,longer
546,add
547,august
548,backup
549,out
550,hope
551,hermio
552,respond
553,consid
554,view
555,everyth
556,display
557,owner
558,â
559,whole
560,suggest
561,net
562,bodi
563,forward
564,pour
565,welcom
566,lifetim
567,book
568,suit
569,qualifi
570,els
571,quick
572,involv
573,train
574,onc
575,oblig
576,grow
577,download
578,norton
579,thu
580,razor
581,refer
582,payment
583,approv
584,machin
585,knowledg
586,kind
587,premium
588,came
589,ignor
590,bonu
591,research
592,john
593,connect
594,center
595,compil
596,burn
597,reach
598,five
599,rpm
600,à
601,h
602,comment
603,signatur
604,adult
605,confidenti
606,appear
607,forc
608,copyright
609,area
610,hand
611,unsolicit
612,local
613,six
614,paper
615,fast
616,e
617,geek
618,india
619,o
620,r
621,lead
622,fortun
623,after
624,doe
625,bug
626,expens
627,hous
628,stori
629,readi
630,at
631,face
632,heaven
633,rather
634,kernel
635,media
636,land
637,se
638,fail
639,unison
640,mark
641,spain
642,miss
643,sum
644,particip
645,strategi
646,close
647,assum
648,locat
649,host
650,microsoft
651,disk
652,school
653,man
654,obtain
655,mayb
656,huge
657,expect
658,enter
659,shop
660,profil
661,action
662,offici
663,three
664,solut
665,mailto
666,stuff
667,count
668,son
669,south
670,male
671,record
672,intend
673,human
674,estat
675,insid
676,thought
677,resourc
678,nice
679,apolog
680,quit
681,key
682,known
683,manual
684,head
685,affili
686,sincer
687,thinkgeek
688,nigeria
689,daili
690,relat
691,wrong
692,health
693,exactli
694,n
695,newslett
696,goe
697,root
698,tuesday
699,level
700,lowest
701,compar
702,die
703,leav
704,video
705,confid
706,far
707,id
708,digit
709,republ
710,tax
711,da
712,fall
713,he
714,class
715,moment
716,default
717,purpos
718,almost
719,similar
720,investor
721,practic
722,figur
723,averag
724,print
725,perform
726,handl
727,correct
728,love
729,function
730,articl
731,wake
732,ebay
733,bad
734,rule
735,text
736,remain
737,war
738,soon
739,track
740,repres
741,everyon
742,worth
743,perl
744,kevin
745,vulner
746,over
747,sequenc
748,women
749,me
750,game
751,anywher
752,electron
753,discuss
754,log
755,altern
756,avoid
757,taken
758,usa
759,choos
760,submit
761,sort
762,jm
763,polit
764,employ
765,command
766,boot
767,billion
768,deliv
769,along
770,space
771,death
772,configur
773,telephon
774,hit
775,wed
776,hear
777,advic
778,gpl
779,pick
780,extend
781,movi
782,am
783,investig
784,often
785,patch
786,each
787,some
788,administr
789,respect
790,those
791,cna
792,mention
793,sold
794,warn
795,establish
796,ago
797,capit
798,although
799,remot
800,automat
801,talk
802,attent
803,popular
804,titl
805,attack
806,competit
807,valid
808,k
809,meet
810,situat
811,pgp
812,about
813,basic
814,cbyi
815,half
816,choic
817,produc
818,replac
819,attorney
820,again
821,ventur
822,folder
823,excel
824,advantag
825,dream
826,sur
827,expert
828,press
829,announc
830,correspond
831,confirm
832,watch
833,african
834,street
835,kid
836,g
837,warranti
838,settlement
839,x
840,short
841,motiv
842,tue
843,illeg
844,vou
845,white
846,took
847,ftp
848,advis
849,chief
850,sex
851,begin
852,certain
853,drop
854,sound
855,safe
856,exchang
857,consult
858,teach
859,interact
860,accord
861,roll
862,initi
863,bring
864,store
865,sir
866,period
867,singl
868,j
869,commerci
870,gain
871,instant
872,whatev
873,wa
874,interfac
875,moor
876,fulli
877,multipl
878,cheer
879,combin
880,then
881,advanc
882,kabila
883,honor
884,u
885,york
886,wo
887,concern
888,econom
889,north
890,cooper
891,indic
892,botan
893,trader
894,up
895,girl
896,promis
897,organ
898,popul
899,attempt
900,four
901,becaus
902,pm
903,matthia
904,buyer
905,introduc
906,most
907,while
908,except
909,left
910,load
911,floppi
912,depend
913,cut
914,militari
915,collect
916,panel
917,screen
918,tip
919,annuiti
920,relev
921,win
922,wast
923,held
924,citizen
925,piec
926,hold
927,aaaaaaaaaaaaaaaaaaaaaaaaaaaaaaaaaaaaaaaaaaaaaaaaaaaaaaaaaaaaaaaaaaaaaaaaaaaa
928,weight
929,chri
930,depart
931,road
932,robert
933,perfect
934,pretti
935,size
936,cabl
937,condit
938,declar
939,agenc
940,upgrad
941,extrem
942,shall
943,fork
944,chanc
945,therefor
946,educ
947,imagin
948,rich
949,debt
950,shangrila
951,assur
952,acknowledg
953,integr
954,cover
955,yahoo
956,tm
957,congress
958,fair
959,ou
960,recommend
961,hot
962,surpris
963,ministri
964,financ
965,gnu
966,common
967,sens
968,central
969,marriott
970,du
971,marshalles
972,craig
973,euro
974,agre
975,est
976,browser
977,men
978,procedur
979,enabl
980,fri
981,password
982,own
983,conveni
984,fastest
985,poor
986,edit
987,seek
988,match
989,fit
990,young
991,attach
992,auction
993,an
994,l
995,smoke
996,invok
997,urgent
998,discount
999,abus
1000,sun
1001,section
1002,pacif
1003,anybodi
1004,seriou
1005,directli
1006,lesson
1007,franc
1008,imag
1009,told
1010,cell
1011,discoveri
1012,guess
1013,tradit
1014,light
1015,farmer
1016,demand
1017,william
1018,materi
1019,archiv
1020,truth
1021,script
1022,technic
1023,speed
1024,exmh
1025,loss
1026,port
1027,rest
1028,farm
1029,resid
1030,repair
1031,lender
1032,main
1033,factor
1034,filter
1035,bottom
1036,written
1037,excess
1038,classifi
1039,virtual
1040,suse
1041,target
1042,te
1043,san
1044,peac
1045,lower
1046,washington
1047,global
1048,firm
1049,africa
1050,verifi
1051,stand
1052,arriv
1053,strongli
1054,perhap
1055,side
1056,suppli
1057,ok
1058,ensur
1059,object
1060,proven
1061,wowi
1062,team
1063,deserv
1064,usual
1065,oh
1066,achiev
1067,zowi
1068,re
1069,fun
1070,sweet
1071,drug
1072,defin
1073,unwant
1074,lost
1075,zzzz
1076,incred
1077,wide
1078,bottl
1079,decis
1080,amaz
1081,normal
1082,sorri
1083,where
1084,consum
1085,delay
1086,graphic
1087,coupl
1088,constitut
1089,virus
1090,canada
1091,revenu
1092,whose
1093,identifi
1094,west
1095,abil
1096,modifi
1097,setup
1098,seven
1099,studi
1100,music
1101,invit
1102,air
1103,tabl
1104,mass
1105,guidelin
1106,majesti
1107,une
1108,string
1109,extra
1110,airport
1111,cheap
1112,regular
1113,unix
1114,histori
1115,self
1116,anyway
1117,techniqu
1118,quickli
1119,spend
1120,notifi
1121,stream
1122,super
1123,chicago
1124,beat
1125,determin
1126,au
1127,societi
1128,went
1129,rel
1130,break
1131,gcc
1132,mobil
1133,heard
1134,auto
1135,behalf
1136,democrat
1137,shown
1138,underwrit
1139,redhat
1140,implement
1141,pound
1142,deliveri
1143,children
1144,systemwork
1145,enhanc
1146,june
1147,jodi
1148,togeth
1149,html
1150,exercis
1151,iroijlaplap
1152,paul
1153,path
1154,memori
1155,expand
1156,fine
1157,dan
1158,variou
1159,walk
1160,grand
1161,confer
1162,innov
1163,thread
1164,uniqu
1165,tablet
1166,sensit
1167,lb
1168,prompt
1169,environ
1170,suppos
1171,millionair
1172,describ
1173,alon
1174,carri
1175,unless
1176,freedom
1177,master
1178,sometim
1179,march
1180,veri
1181,privaci
1182,formal
1183,broker
1184,travel
1185,faster
1186,definit
1187,should
1188,comprehens
1189,enjoy
1190,savoir
1191,spamassassin
1192,serv
1193,wealth
1194,opt
1195,femal
1196,switch
1197,bonus
1198,attain
1199,ratak
1200,smoker
1201,prevent
1202,diet
1203,progress
1204,express
1205,earli
1206,zimbabw
1207,exact
1208,beauti
1209,commit
1210,na
1211,bar
1212,envelop
1213,tree
1214,career
1215,god
1216,brian
1217,fire
1218,tire
1219,third
1220,none
1221,pocket
1222,laugh
1223,entertain
1224,guy
1225,boy
1226,evalu
1227,director
1228,among
1229,mother
1230,china
1231,neg
1232,separ
1233,tobacco
1234,behind
1235,who
1236,oil
1237,certainli
1238,stay
1239,calcul
1240,henc
1241,languag
1242,mistak
1243,worri
1244,murjel
1245,rmi
1246,ident
1247,mine
1248,photo
1249,approach
1250,clear
1251,magazin
1252,treat
1253,husband
1254,sa
1255,kill
1256,minimum
1257,fals
1258,child
1259,court
1260,d
1261,tel
1262,php
1263,particular
1264,devic
1265,northern
1266,civil
1267,laptop
1268,cent
1269,model
1270,mon
1271,reveal
1272,ha
1273,prohibit
1274,near
1275,reserv
1276,cultur
1277,button
1278,diabet
1279,alter
1280,signific
1281,field
1282,across
1283,refin
1284,diseas
1285,mladih
1286,centuri
1287,jurisdict
1288,expir
1289,entrepris
1290,explain
1291,congo
1292,into
1293,mandat
1294,necessari
1295,poker
1296,monarch
1297,nativ
1298,laurent
1299,adam
1300,review
1301,construct
1302,especi
1303,kept
1304,sheet
1305,launch
1306,faith
1307,film
1308,librari
1309,gari
1310,cancer
1311,brand
1312,board
1313,shape
1314,specialist
1315,mile
1316,troubl
1317,front
1318,confus
1319,os
1320,attract
1321,gift
1322,oz
1323,elimin
1324,extract
1325,kindli
1326,realiz
1327,red
1328,iii
1329,synchron
1330,complianc
1331,outsid
1332,lawrenc
1333,testimoni
1334,vast
1335,skill
1336,porn
1337,prepar
1338,detect
1339,chines
1340,sole
1341,hidden
1342,compens
1343,michael
1344,gone
1345,herba
1346,item
1347,remio
1348,agreement
1349,je
1350,folk
1351,reliabl
1352,aux
1353,ms
1354,lock
1355,argument
1356,unfortun
1357,summari
1358,campaign
1359,statu
1360,fantasi
1361,serial
1362,afford
1363,whitelist
1364,clean
1365,appreci
1366,permiss
1367,cartridg
1368,joe
1369,worldwid
1370,exclud
1371,block
1372,worst
1373,par
1374,award
1375,vipul
1376,im
1377,opinion
1378,latest
1379,comfort
1380,former
1381,capabl
1382,restrict
1383,currenc
1384,sampl
1385,david
1386,ext
1387,programm
1388,predsednika
1389,leader
1390,earth
1391,awar
1392,serious
1393,annual
1394,don
1395,kathmandu
1396,player
1397,exclus
1398,replica
1399,california
1400,descrambl
1401,tél
1402,yeah
1403,colleagu
1404,substanti
1405,driver
1406,parent
1407,previous
1408,pa
1409,album
1410,monthli
1411,concept
1412,spammer
1413,western
1414,header
1415,recipi
1416,destruct
1417,possess
1418,behavior
1419,european
1420,anim
1421,trial
1422,equal
1423,night
1424,luck
1425,percentag
1426,gold
1427,contribut
1428,plug
1429,sea
1430,sat
1431,excit
1432,teen
1433,befor
1434,desir
1435,hardwar
1436,lack
1437,equiti
1438,sport
1439,biggest
1440,prospect
1441,processor
1442,strong
1443,murphi
1444,inc
1445,arm
1446,hat
1447,compat
1448,ge
1449,usb
1450,inde
1451,medic
1452,hello
1453,modem
1454,scienc
1455,em
1456,pipe
1457,beneficiari
1458,ftoc
1459,forum
1460,mailer
1461,appar
1462,assert
1463,iiu
1464,revok
1465,tv
1466,succeed
1467,gnome
1468,tech
1469,wireless
1470,w
1471,regul
1472,mlm
1473,previou
1474,despit
1475,speak
1476,happier
1477,mechan
1478,reader
1479,europ
1480,wealthi
1481,tape
1482,entitl
1483,growth
1484,septemb
1485,lawyer
1486,cigarett
1487,largest
1488,f
1489,sovereign
1490,difficult
1491,januari
1492,printer
1493,jersey
1494,unseen
1495,rang
1496,ce
1497,input
1498,arrang
1499,wall
1500,ne
1501,predict
1502,dont
1503,impress
1504,toward
1505,fl
1506,reward
1507,repositori
1508,instantli
1509,lie
1510,color
1511,primari
1512,intro
1513,upfront
1514,dana
1515,colleg
1516,legitim
1517,consign
1518,tag
1519,intellig
1520,hacker
1521,slow
1522,taongi
1523,prey
1524,easier
1525,anymor
1526,style
1527,judg
1528,bless
1529,co
1530,appropri
1531,peni
1532,overlook
1533,threat
1534,draw
1535,ip
1536,specifi
1537,wife
1538,monitor
1539,leas
1540,hazard
1541,condon
1542,minim
1543,friday
1544,cat
1545,tremend
1546,mode
1547,fat
1548,resel
1549,coverag
1550,proper
1551,restor
1552,rais
1553,revers
1554,down
1555,extens
1556,compet
1557,satisfact
1558,draft
1559,modul
1560,strictli
1561,fight
1562,su
1563,usag
1564,indian
1565,babi
1566,ownership
1567,diagnost
1568,stupid
1569,forev
1570,uk
1571,exhibit
1572,environment
1573,apt
1574,which
1575,boundari
1576,complic
1577,saou
1578,inconveni
1579,aqueou
1580,eventu
1581,startup
1582,anytim
1583,al
1584,il
1585,cv
1586,belong
1587,abidjan
1588,minist
1589,ghetto
1590,pentium
1591,forget
1592,highli
1593,channel
1594,ebook
1595,affect
1596,conflict
1597,recogn
1598,flag
1599,perman
1600,gave
1601,estim
1602,senior
1603,stamp
1604,recognit
1605,pattern
1606,skeptic
1607,frustrat
1608,below
1609,monday
1610,inclus
1611,goal
1612,georg
1613,multimedia
1614,impact
1615,md
1616,negoti
1617,joseph
1618,doubl
1619,varieti
1620,weekli
1621,observ
1622,trick
1623,protocol
1624,intel
1625,beta
1626,rob
1627,enemi
1628,greatest
1629,danger
1630,acquir
1631,otherwis
1632,repeat
1633,gambl
1634,wine
1635,vendor
1636,certifi
1637,brought
1638,maker
1639,solicit
1640,v
1641,pack
1642,wear
1643,energi
1644,m
1645,stabl
1646,challeng
1647,ireland
1648,keyboard
1649,eye
1650,descript
1651,consist
1652,herb
1653,doctor
1654,sender
1655,solv
1656,extern
1657,bulkbook
1658,medium
1659,postal
1660,meant
1661,justin
1662,crash
1663,entri
1664,capillari
1665,jump
1666,doubt
1667,vjestika
1668,genet
1669,theori
1670,club
1671,broken
1672,za
1673,bought
1674,charact
1675,nationwid
1676,through
1677,leur
1678,forti
1679,partij
1680,nouvel
1681,coast
1682,reduc
1683,multipart
1684,renew
1685,grab
1686,larger
1687,wholesal
1688,index
1689,greater
1690,useless
1691,s
1692,ultim
1693,niall
1694,p
1695,lift
1696,mr
1697,binari
1698,everybodi
1699,occur
1700,properli
1701,surrend
1702,arrest
1703,heart
1704,octob
1705,xxx
1706,ref
1707,unlik
1708,shock
1709,winner
1710,decemb
1711,dark
1712,int
1713,water
1714,realiti
1715,saw
1716,convers
1717,basi
1718,zip
1719,ten
1720,queri
1721,flash
1722,limbo
1723,their
1724,sm
1725,smart
1726,background
1727,pictur
1728,mutual
1729,room
1730,touch
1731,partit
1732,somehow
1733,partnership
1734,daniel
1735,manufactur
1736,ibm
1737,stagger
1738,dell
1739,pro
1740,disclaim
1741,fraudul
1742,than
1743,dynam
1744,nobodi
1745,aphrodisia
1746,engag
1747,entrepreneur
1748,skip
1749,decad
1750,statist
1751,suspect
1752,safeti
1753,lodg
1754,garrigu
1755,mount
1756,reciev
1757,journal
1758,config
1759,bound
1760,buck
1761,audio
1762,prizemama
1763,kit
1764,dave
1765,debian
1766,slim
1767,tx
1768,met
1769,plant
1770,voic
1771,desktop
1772,scam
1773,measur
1774,forest
1775,aol
1776,compress
1777,mailbox
1778,brain
1779,ram
1780,explor
1781,proprietari
1782,hell
1783,lay
1784,isp
1785,visa
1786,fundament
1787,jame
1788,conclud
1789,twenti
1790,vote
1791,merg
1792,both
1793,settl
1794,app
1795,east
1796,prove
1797,blank
1798,middl
1799,thirti
1800,vacat
1801,violat
1802,traffic
1803,sexual
1804,glm
1805,conserv
1806,woman
1807,satisfi
1808,consequ
1809,va
1810,algorithm
1811,minor
1812,steal
1813,affair
1814,territori
1815,stud
1816,coloni
1817,diamond
1818,kin
1819,mission
1820,mitchel
1821,clearli
1822,mac
1823,asset
1824,organis
1825,neither
1826,platform
1827,disabl
1828,kate
1829,bag
1830,output
1831,exploit
1832,modal
1833,pst
1834,pull
1835,chosen
1836,xp
1837,maximum
1838,mike
1839,sleep
1840,gun
1841,milosevica
1842,strank
1843,elig
1844,mostli
1845,homeown
1846,gnupg
1847,refinanc
1848,furnish
1849,highest
1850,numer
1851,mislead
1852,scan
1853,morn
1854,branch
1855,socijalista
1856,imposs
1857,secreci
1858,conclus
1859,speaker
1860,instanc
1861,scholarship
1862,appeal
1863,failur
1864,diplomat
1865,glad
1866,dozen
1867,barrist
1868,investisseur
1869,fresh
1870,headlin
1871,dmm
1872,enlarg
1873,iz
1874,paramount
1875,occup
1876,cam
1877,société
1878,inspir
1879,hospit
1880,attitud
1881,paragraph
1882,heavi
1883,resolv
1884,student
1885,exceed
1886,martin
1887,goto
1888,map
1889,tast
1890,batch
1891,heck
1892,ordinari
1893,circumst
1894,deni
1895,loos
1896,such
1897,equip
1898,trace
1899,label
1900,foundat
1901,po
1902,architectur
1903,virginia
1904,firewal
1905,ethic
1906,pablo
1907,retir
1908,brother
1909,realnetwork
1910,evid
1911,hotel
1912,histor
1913,suffer
1914,distro
1915,registr
1916,bankruptci
1917,french
1918,trip
1919,evil
1920,critic
1921,convent
1922,germani
1923,flow
1924,hp
1925,finish
1926,australia
1927,correctli
1928,conduct
1929,insert
1930,lilo
1931,tend
1932,catch
1933,analysi
1934,damn
1935,analyst
1936,catalog
1937,formula
1938,art
1939,carrier
1940,complex
1941,pain
1942,propag
1943,convert
1944,cum
1945,prior
1946,listen
1947,strang
1948,earlier
1949,typic
1950,seminar
1951,lui
1952,cancel
1953,quarter
1954,professor
1955,therapi
1956,percent
1957,doc
1958,ssh
1959,dom
1960,prosaka
1961,shot
1962,door
1963,feroc
1964,opposit
1965,superior
1966,gentl
1967,madam
1968,ny
1969,cote
1970,untitl
1971,hawaii
1972,bother
1973,nigerian
1974,premier
1975,dice
1976,ein
1977,paperwork
1978,dr
1979,slightli
1980,astronom
1981,refus
1982,faq
1983,nou
1984,consider
1985,ie
1986,edward
1987,beberg
1988,honest
1989,termin
1990,empti
1991,reli
1992,bigger
1993,ga
1994,bear
1995,balanc
1996,declin
1997,green
1998,hate
1999,vehicl
2000,fed
2001,cool
2002,mo
2003,remind
2004,entiti
2005,ct
2006,osdn
2007,variabl
2008,plenti
2009,logic
2010,distributor
2011,furthermor
2012,dare
2013,rick
2014,deliber
2015,demonstr
2016,teledynam
2017,rental
2018,simplifi
2019,consolid
2020,sister
2021,pie
2022,ocean
2023,foam
2024,station
2025,staff
2026,ran
2027,burner
2028,obvious
2029,prescript
2030,score
2031,reg
2032,principl
2033,round
2034,favorit
2035,built
2036,feed
2037,tout
2038,maxim
2039,omaha
2040,institut
2041,electr
2042,did
2043,potent
2044,offshor
2045,wave
2046,alert
2047,bugtraq
2048,patrick
2049,endow
2050,od
2051,authent
2052,sp
2053,decent
2054,loop
2055,incompat
2056,converg
2057,random
2058,menu
2059,portion
2060,core
2061,resum
2062,economi
2063,enterpris
2064,netscap
2065,creator
2066,approx
2067,conceal
2068,wi
2069,zealand
2070,picasso
2071,cloth
2072,spread
2073,prulif
2074,prudenti
2075,radix
2076,lunch
2077,rock
2078,honesti
2079,classic
2080,preserv
2081,ximian
2082,bind
2083,cycl
2084,dure
2085,chain
2086,régionaux
2087,technopol
2088,fuck
2089,degre
2090,liter
2091,nomin
2092,illinoi
2093,energet
2094,diagnos
2095,slobodana
2096,dead
2097,committe
2098,melchizedek
2099,ride
2100,koji
2101,optim
2102,offr
2103,diversifi
2104,preced
2105,throughout
2106,matur
2107,java
2108,chase
2109,corn
2110,bsd
2111,thursday
2112,outil
2113,rare
2114,nc
2115,convinc
2116,votr
2117,ng
2118,somebodi
2119,void
2120,precis
2121,surviv
2122,rh
2123,climat
2124,chad
2125,relationship
2126,hype
2127,patent
2128,hmm
2129,relax
2130,slot
2131,beyond
2132,role
2133,rapidli
2134,fli
2135,routin
2136,curiou
2137,templat
2138,counter
2139,focu
2140,english
2141,subsequ
2142,tft
2143,till
2144,chip
2145,incorpor
2146,spirit
2147,prom
2148,clock
2149,tom
2150,feet
2151,cc
2152,schedul
2153,msg
2154,older
2155,higher
2156,particularli
2157,compon
2158,export
2159,suck
2160,harvest
2161,smtp
2162,commerc
2163,throw
2164,inlin
2165,googl
2166,t
2167,eat
2168,unbeliev
2169,chat
2170,oversea
2171,steven
2172,mh
2173,physic
2174,assembl
2175,virtu
2176,pension
2177,riaa
2178,zero
2179,assign
2180,cpu
2181,threaten
2182,garden
2183,ticket
2184,knew
2185,gratuit
2186,therebi
2187,retain
2188,abandon
2189,apart
2190,bedroom
2191,santa
2192,planet
2193,vari
2194,webdev
2195,februari
2196,unusu
2197,encourag
2198,england
2199,disclos
2200,contractor
2201,food
2202,herbal
2203,truli
2204,nri
2205,star
2206,corner
2207,conor
2208,wednesday
2209,stabil
2210,fairli
2211,topic
2212,fan
2213,interrupt
2214,nearli
2215,portfolio
2216,favor
2217,seizur
2218,british
2219,timeout
2220,felt
2221,strength
2222,utmost
2223,drunken
2224,carton
2225,underwritten
2226,falana
2227,muscl
2228,warm
2229,bull
2230,revis
2231,hair
2232,mastercard
2233,incl
2234,rd
2235,utilitiesal
2236,ltc
2237,protectorsm
2238,admin
2239,invalid
2240,receipt
2241,exot
2242,damag
2243,invas
2244,lago
2245,japanes
2246,attn
2247,dirti
2248,donat
2249,disregard
2250,push
2251,freaki
2252,encount
2253,anonym
2254,usd
2255,capitalist
2256,town
2257,fdisk
2258,warehous
2259,terrorist
2260,florida
2261,mountain
2262,cach
2263,camera
2264,frequent
2265,dial
2266,ui
2267,exit
2268,slice
2269,dublin
2270,referenc
2271,translat
2272,mysql
2273,survey
2274,spring
2275,visitor
2276,servant
2277,notif
2278,tomorrow
2279,proxi
2280,retriev
2281,unemploy
2282,gateway
2283,favour
2284,region
2285,shell
2286,tar
2287,task
2288,imho
2289,postag
2290,permit
2291,truck
2292,summer
2293,devot
2294,congression
2295,toner
2296,epson
2297,categori
2298,elsewher
2299,ii
2300,th
2301,pudg
2302,resolut
2303,column
2304,hang
2305,shaw
2306,curv
2307,buffer
2308,aw
2309,experienc
2310,meatspac
2311,under
2312,mugab
2313,commonli
2314,harm
2315,seed
2316,moral
2317,editor
2318,hunt
2319,encod
2320,syntax
2321,sit
2322,outlook
2323,edg
2324,swiss
2325,desk
2326,intervent
2327,ar
2328,volum
2329,bang
2330,began
2331,sexi
2332,accur
2333,session
2334,feedback
2335,nt
2336,jennif
2337,satellit
2338,ahead
2339,wild
2340,hettinga
2341,bureau
2342,capac
2343,pic
2344,familiar
2345,unlimit
2346,foo
2347,soft
2348,rose
2349,xml
2350,closet
2351,hawaiian
2352,fear
2353,finder
2354,radar
2355,webcam
2356,defens
2357,annoy
2358,vault
2359,sendmail
2360,scenario
2361,celeb
2362,loyal
2363,contest
2364,mbr
2365,sober
2366,newspap
2367,she
2368,broadcast
2369,ill
2370,revolut
2371,inbox
2372,household
2373,credul
2374,invent
2375,overflow
2376,credibl
2377,confisc
2378,bitbitch
2379,contrari
2380,lee
2381,symbol
2382,jackpot
2383,modern
2384,automatiqu
2385,avec
2386,reap
2387,televis
2388,pleasur
2389,same
2390,tournament
2391,employe
2392,blvd
2393,inexpens
2394,curlin
2395,heat
2396,webmast
2397,refund
2398,journé
2399,dealer
2400,teas
2401,pregnanc
2402,sierra
2403,besoin
2404,supplement
2405,sep
2406,apach
2407,somewher
2408,wrap
2409,seeker
2410,monarchi
2411,netagi
2412,provis
2413,partija
2414,gestion
2415,développ
2416,srbije
2417,valley
2418,majordomo
2419,tough
2420,otcbb
2421,spamtrap
2422,forg
2423,autom
2424,batteri
2425,ancestr
2426,insulin
2427,categor
2428,inqual
2429,irq
2430,antiqu
2431,br
2432,bassey
2433,council
2434,atomicdot
2435,msgid
2436,nonsmok
2437,oppos
2438,brokerag
2439,dedic
2440,structur
2441,intent
2442,split
2443,silent
2444,nddc
2445,pouch
2446,strip
2447,distanc
2448,mirror
2449,temp
2450,freebsd
2451,planta
2452,nort
2453,higgin
2454,barcelona
2455,edificio
2456,keyword
2457,been
2458,nv
2459,storag
2460,newsgroup
2461,sink
2462,suspici
2463,grade
2464,fashion
2465,brows
2466,marketplac
2467,mere
2468,privileg
2469,lean
2470,phrase
2471,steve
2472,looney
2473,prize
2474,pam
2475,song
2476,jim
2477,congratul
2478,highlight
2479,fifti
2480,sync
2481,whatsoev
2482,greet
2483,bush
2484,invad
2485,flaw
2486,mix
2487,apologis
2488,await
2489,optimis
2490,them
2491,lyda
2492,echo
2493,arg
2494,rent
2495,shame
2496,obviou
2497,netherland
2498,landown
2499,bandwidth
